{
    "fitting": {
        "global_parameters": {
            "sigma_res": 0.03612901795213891,
            "k_value": 23.019385774973387,
            "int_res": 0.3852861929723298,
            "nu_res": 3.102190637717906,
            "background": 9.157679587960701e-11
        },
        "particles": {
            "particle_7": {
                "shape": "Sphere",
                "enabled": true,
                "parameters": {
                    "sphere": {
                        "intensity": 1.0,
                        "radius": 10.0,
                        "sigma_radius": 0.1,
                        "diameter": 20.0,
                        "sigma_diameter": 0.1,
                        "background": 0.0
                    },
                    "cylinder": {
                        "intensity": 1.0,
                        "radius": 10.0,
                        "sigma_radius": 0.1,
                        "height": 20.0,
                        "sigma_height": 0.1,
                        "diameter": 20.0,
                        "sigma_diameter": 0.1,
                        "background": 0.0
                    }
                }
            },
            "particle_1": {
                "shape": "Sphere",
                "enabled": true,
                "parameters": {
                    "sphere": {
                        "intensity": 1.1941781924525487,
                        "radius": 8.348396301269531,
                        "sigma_radius": 0.29979339241981506,
                        "diameter": 11.73766040802002,
                        "sigma_diameter": 0.628443717956543
                    },
                    "cylinder": {
                        "intensity": 0.3562638653873533,
                        "radius": 3.187520962270096,
                        "sigma_radius": 0.7566134489049009,
                        "height": 26.525005777597368,
                        "sigma_height": 3.4311112751564403,
                        "diameter": 6.175602258518442,
                        "sigma_diameter": 0.696476262497169
                    },
                    "vertical_cylinder": {
                        "intensity": 1.0,
                        "radius": 10.0,
                        "sigma_radius": 0.3,
                        "diameter": 20.0,
                        "sigma_diameter": 0.1
                    }
                }
            },
            "particle_2": {
                "shape": "Sphere",
                "enabled": true,
                "parameters": {
                    "sphere": {
                        "intensity": 1.2053321337957905,
                        "radius": 4.577607154846191,
                        "sigma_radius": 0.28179773688316345,
                        "diameter": 6.326902866363525,
                        "sigma_diameter": 0.35942524671554565
                    },
                    "cylinder": {
                        "intensity": 1.0,
                        "radius": 10.0,
                        "sigma_radius": 0.1,
                        "height": 20.0,
                        "sigma_height": 0.1,
                        "diameter": 20.0,
                        "sigma_diameter": 0.1
                    },
                    "vertical_cylinder": {
                        "intensity": 1.0,
                        "radius": 10.0,
                        "sigma_radius": 0.3,
                        "diameter": 20.0,
                        "sigma_diameter": 0.1
                    }
                }
            },
            "particle_3": {
                "shape": "Sphere",
                "enabled": true,
                "parameters": {
                    "sphere": {
                        "intensity": 1.2884407926923347,
                        "radius": 20.416473388671875,
                        "sigma_radius": 8.32012939453125,
                        "diameter": 19.424976348876953,
                        "sigma_diameter": 5.301321983337402
                    },
                    "cylinder": {
                        "intensity": 1.0,
                        "radius": 10.0,
                        "sigma_radius": 0.1,
                        "height": 20.0,
                        "sigma_height": 0.1,
                        "diameter": 20.0,
                        "sigma_diameter": 0.1
                    },
                    "vertical_cylinder": {
                        "intensity": 1.0,
                        "radius": 10.0,
                        "sigma_radius": 0.3,
                        "diameter": 20.0,
                        "sigma_diameter": 0.1
                    }
                }
            }
        }
    },
    "gisaxs_predict": {
        "particles": {}
    },
    "classification": {
        "particles": {}
    },
    "metadata": {
        "version": "1.0",
        "created": "2025-10-06",
        "description": "Model parameters configuration for GISAXS GUI application"
    }
}