{
    "fitting": {
        "global_parameters": {
            "sigma_res": 0.018591365843527875,
            "k_value": 29431.820176868197,
            "int_res": 0.9999999994569009,
            "nu_res": 24.9966,
            "background": 2.810472800518181e-07
        },
        "particles": {
            "particle_7": {
                "shape": "Sphere",
                "enabled": true,
                "parameters": {
                    "sphere": {
                        "intensity": 1.0,
                        "radius": 10.0,
                        "sigma_radius": 0.1,
                        "diameter": 20.0,
                        "sigma_diameter": 0.1,
                        "background": 0.0
                    },
                    "cylinder": {
                        "intensity": 1.0,
                        "radius": 10.0,
                        "sigma_radius": 0.1,
                        "height": 20.0,
                        "sigma_height": 0.1,
                        "diameter": 20.0,
                        "sigma_diameter": 0.1,
                        "background": 0.0
                    }
                }
            },
            "particle_1": {
                "shape": "Sphere",
                "enabled": true,
                "parameters": {
                    "sphere": {
                        "intensity": 0.019928102679655533,
                        "radius": 17.45369529724121,
                        "sigma_radius": 6.45817232131958,
                        "diameter": 11.58677864074707,
                        "sigma_diameter": 8.231911659240723
                    },
                    "cylinder": {
                        "intensity": 0.3562638653873533,
                        "radius": 3.187520962270096,
                        "sigma_radius": 0.7566134489049009,
                        "height": 26.525005777597368,
                        "sigma_height": 3.4311112751564403,
                        "diameter": 6.175602258518442,
                        "sigma_diameter": 0.696476262497169
                    },
                    "vertical_cylinder": {
                        "intensity": 1.0,
                        "radius": 10.0,
                        "sigma_radius": 0.3,
                        "diameter": 20.0,
                        "sigma_diameter": 0.1
                    }
                }
            },
            "particle_2": {
                "shape": "Sphere",
                "enabled": true,
                "parameters": {
                    "sphere": {
                        "intensity": 0.016286,
                        "radius": 3.3213906288146973,
                        "sigma_radius": 0.654208242893219,
                        "diameter": 6.146551132202148,
                        "sigma_diameter": 0.6940457820892334
                    },
                    "cylinder": {
                        "intensity": 1.0,
                        "radius": 10.0,
                        "sigma_radius": 0.1,
                        "height": 20.0,
                        "sigma_height": 0.1,
                        "diameter": 20.0,
                        "sigma_diameter": 0.1
                    },
                    "vertical_cylinder": {
                        "intensity": 1.0,
                        "radius": 10.0,
                        "sigma_radius": 0.3,
                        "diameter": 20.0,
                        "sigma_diameter": 0.1
                    }
                }
            },
            "particle_3": {
                "shape": "Sphere",
                "enabled": true,
                "parameters": {
                    "sphere": {
                        "intensity": 1.9374573168993214,
                        "radius": 88.28290557861328,
                        "sigma_radius": 21.129045486450195,
                        "diameter": 19.598567962646484,
                        "sigma_diameter": 16.03392791748047
                    },
                    "cylinder": {
                        "intensity": 1.0,
                        "radius": 10.0,
                        "sigma_radius": 0.1,
                        "height": 20.0,
                        "sigma_height": 0.1,
                        "diameter": 20.0,
                        "sigma_diameter": 0.1
                    },
                    "vertical_cylinder": {
                        "intensity": 1.0,
                        "radius": 10.0,
                        "sigma_radius": 0.3,
                        "diameter": 20.0,
                        "sigma_diameter": 0.1
                    }
                }
            },
            "particle_4": {
                "shape": "Sphere",
                "enabled": true,
                "parameters": {
                    "sphere": {
                        "intensity": 0.00487453920323942,
                        "radius": 44.655242919921875,
                        "sigma_radius": 3.842874050140381,
                        "diameter": 11.334465026855469,
                        "sigma_diameter": 0.020127924159169197
                    },
                    "cylinder": {
                        "intensity": 1.0,
                        "radius": 10.0,
                        "sigma_radius": 0.1,
                        "height": 20.0,
                        "sigma_height": 0.1,
                        "diameter": 20.0,
                        "sigma_diameter": 0.1
                    },
                    "vertical_cylinder": {
                        "intensity": 1.0,
                        "radius": 10.0,
                        "sigma_radius": 0.3,
                        "diameter": 20.0,
                        "sigma_diameter": 0.1
                    }
                }
            }
        }
    },
    "gisaxs_predict": {
        "particles": {}
    },
    "classification": {
        "particles": {}
    },
    "metadata": {
        "version": "1.0",
        "created": "2025-10-06",
        "description": "Model parameters configuration for GISAXS GUI application"
    }
}