{
    "fitting": {
        "global_parameters": {
            "sigma_res": 0.101121,
            "k_value": 22487.846674446086,
            "int_res": 0.045504647053271494,
            "nu_res": 2.499,
            "background": 3.935057467854054
        },
        "particles": {
            "particle_7": {
                "shape": "Sphere",
                "enabled": true,
                "parameters": {
                    "sphere": {
                        "intensity": 1.0,
                        "radius": 10.0,
                        "sigma_radius": 0.1,
                        "diameter": 20.0,
                        "sigma_diameter": 0.1,
                        "background": 0.0
                    },
                    "cylinder": {
                        "intensity": 1.0,
                        "radius": 10.0,
                        "sigma_radius": 0.1,
                        "height": 20.0,
                        "sigma_height": 0.1,
                        "diameter": 20.0,
                        "sigma_diameter": 0.1,
                        "background": 0.0
                    }
                }
            },
            "particle_1": {
                "shape": "Sphere",
                "enabled": true,
                "parameters": {
                    "sphere": {
                        "intensity": 0.006925374611212619,
                        "radius": 2.1578694975139663,
                        "sigma_radius": 0.0013954591104452748,
                        "diameter": 6.591842075272742,
                        "sigma_diameter": 0.5820134041641323
                    },
                    "cylinder": {
                        "intensity": 0.3562638653873533,
                        "radius": 3.187520962270096,
                        "sigma_radius": 0.7566134489049009,
                        "height": 26.525005777597368,
                        "sigma_height": 3.4311112751564403,
                        "diameter": 6.175602258518442,
                        "sigma_diameter": 0.696476262497169
                    },
                    "vertical_cylinder": {
                        "intensity": 1.0,
                        "radius": 10.0,
                        "sigma_radius": 0.3,
                        "diameter": 20.0,
                        "sigma_diameter": 0.1
                    }
                }
            },
            "particle_2": {
                "shape": "Sphere",
                "enabled": true,
                "parameters": {
                    "sphere": {
                        "intensity": 1.0,
                        "radius": 10.0,
                        "sigma_radius": 0.1,
                        "diameter": 20.0,
                        "sigma_diameter": 0.1
                    },
                    "cylinder": {
                        "intensity": 1.0,
                        "radius": 10.0,
                        "sigma_radius": 0.1,
                        "height": 20.0,
                        "sigma_height": 0.1,
                        "diameter": 20.0,
                        "sigma_diameter": 0.1
                    },
                    "vertical_cylinder": {
                        "intensity": 1.0,
                        "radius": 10.0,
                        "sigma_radius": 0.3,
                        "diameter": 20.0,
                        "sigma_diameter": 0.1
                    }
                }
            },
            "particle_3": {
                "shape": "Sphere",
                "enabled": true,
                "parameters": {
                    "sphere": {
                        "intensity": 1.0,
                        "radius": 10.0,
                        "sigma_radius": 0.1,
                        "diameter": 20.0,
                        "sigma_diameter": 0.1
                    },
                    "cylinder": {
                        "intensity": 1.0,
                        "radius": 10.0,
                        "sigma_radius": 0.1,
                        "height": 20.0,
                        "sigma_height": 0.1,
                        "diameter": 20.0,
                        "sigma_diameter": 0.1
                    },
                    "vertical_cylinder": {
                        "intensity": 1.0,
                        "radius": 10.0,
                        "sigma_radius": 0.3,
                        "diameter": 20.0,
                        "sigma_diameter": 0.1
                    }
                }
            }
        }
    },
    "gisaxs_predict": {
        "particles": {}
    },
    "classification": {
        "particles": {}
    },
    "metadata": {
        "version": "1.0",
        "created": "2025-10-06",
        "description": "Model parameters configuration for GISAXS GUI application"
    }
}