{
    "fitting": {
        "global_parameters": {
            "sigma_res": 0.09852567814207387,
            "k_value": 979894.9305140101,
            "int_res": 0.20261172351761947,
            "nu_res": 1.8218442116520426,
            "background": 4.861396078030054
        },
        "particles": {
            "particle_7": {
                "shape": "Sphere",
                "enabled": true,
                "parameters": {
                    "sphere": {
                        "intensity": 1.0,
                        "radius": 10.0,
                        "sigma_radius": 0.1,
                        "diameter": 20.0,
                        "sigma_diameter": 0.1,
                        "background": 0.0
                    },
                    "cylinder": {
                        "intensity": 1.0,
                        "radius": 10.0,
                        "sigma_radius": 0.1,
                        "height": 20.0,
                        "sigma_height": 0.1,
                        "diameter": 20.0,
                        "sigma_diameter": 0.1,
                        "background": 0.0
                    }
                }
            },
            "particle_3": {
                "shape": "Sphere",
                "enabled": true,
                "parameters": {
                    "vertical_cylinder": {
                        "radius": 10.712312379161652,
                        "intensity": 0.8658154697681407,
                        "sigma_radius": 7.4418912880145935,
                        "diameter": 34.53084327916996,
                        "sigma_diameter": 10.066591828216042
                    },
                    "sphere": {
                        "diameter": 4.478799879228992,
                        "sigma_diameter": 15.809829847986611,
                        "radius": 49.865617618223,
                        "intensity": 1.883434843846903,
                        "sigma_radius": 12.235007968008588
                    },
                    "cylinder": {
                        "intensity": 0.7109756072435235,
                        "radius": 9.920449084857434,
                        "sigma_radius": 3.5172539906417053,
                        "height": 275.77299291895366,
                        "sigma_height": 75.14884777902058,
                        "diameter": 1.606082672716107,
                        "sigma_diameter": 8.084938423699388
                    },
                    "vertical cylinder": {
                        "intensity": 0.2670153107744695,
                        "radius": 15.741671562194824,
                        "sigma_radius": 0.430826872587204,
                        "diameter": 16.7502384185791,
                        "sigma_diameter": 7.579678535461426
                    }
                }
            },
            "particle_1": {
                "shape": "Sphere",
                "enabled": true,
                "parameters": {
                    "sphere": {
                        "intensity": 0.03434905106888894,
                        "radius": 37.85691454743161,
                        "sigma_radius": 3.2949975302376044,
                        "diameter": 42.83939401388432,
                        "sigma_diameter": 0.5599963086942634
                    },
                    "cylinder": {
                        "intensity": 0.3562638653873533,
                        "radius": 3.187520962270096,
                        "sigma_radius": 0.7566134489049009,
                        "height": 26.525005777597368,
                        "sigma_height": 3.4311112751564403,
                        "diameter": 6.175602258518442,
                        "sigma_diameter": 0.696476262497169
                    },
                    "vertical_cylinder": {
                        "intensity": 1.0,
                        "radius": 10.0,
                        "sigma_radius": 0.3,
                        "diameter": 20.0,
                        "sigma_diameter": 0.1
                    }
                }
            },
            "particle_4": {
                "shape": "Sphere",
                "enabled": true,
                "parameters": {
                    "sphere": {
                        "intensity": 1.153099225620049,
                        "radius": 166.58531347715797,
                        "sigma_radius": 10.31599088321887,
                        "diameter": 2.6647487063829014,
                        "sigma_diameter": 0.8286887979382423
                    },
                    "cylinder": {
                        "intensity": 1.0,
                        "radius": 10.0,
                        "sigma_radius": 0.1,
                        "height": 20.0,
                        "sigma_height": 0.1,
                        "diameter": 20.0,
                        "sigma_diameter": 0.1
                    },
                    "vertical_cylinder": {
                        "intensity": 1.0,
                        "radius": 10.0,
                        "sigma_radius": 0.3,
                        "diameter": 20.0,
                        "sigma_diameter": 0.1
                    }
                }
            },
            "particle_2": {
                "shape": "Sphere",
                "enabled": true,
                "parameters": {
                    "sphere": {
                        "intensity": 0.15562778948911027,
                        "radius": 3.147791958688957,
                        "sigma_radius": 0.5687697963850296,
                        "diameter": 6.336767360696479,
                        "sigma_diameter": 0.7541912680791192
                    },
                    "cylinder": {
                        "intensity": 0.2947484837713447,
                        "radius": 9.793292999267578,
                        "sigma_radius": 1.3611319065093994,
                        "height": 32.81828308105469,
                        "sigma_height": 12.20026683807373,
                        "diameter": 59.59522247314453,
                        "sigma_diameter": 20.268661499023438
                    },
                    "vertical_cylinder": {
                        "intensity": 0.0853110842011747,
                        "radius": 19.834010782740794,
                        "sigma_radius": 4.740768926797592,
                        "diameter": 22.15049190522916,
                        "sigma_diameter": 9.559347063960543e-05
                    },
                    "vertical cylinder": {
                        "intensity": 0.3435387064666008,
                        "radius": 11.261374473571777,
                        "sigma_radius": 0.3272639513015747,
                        "diameter": 38.65006637573242,
                        "sigma_diameter": 12.412763595581055
                    }
                }
            }
        }
    },
    "gisaxs_predict": {
        "particles": {}
    },
    "classification": {
        "particles": {}
    },
    "metadata": {
        "version": "1.0",
        "created": "2025-10-06",
        "description": "Model parameters configuration for GISAXS GUI application"
    }
}