{
    "fitting": {
        "global_parameters": {
            "sigma_res": 0.005,
            "k_value": 295847.3443275797,
            "int_res": 0.7438979653758516,
            "nu_res": 6.0,
            "background": 0.8419059512392705
        },
        "particles": {
            "particle_7": {
                "shape": "Sphere",
                "enabled": true,
                "parameters": {
                    "sphere": {
                        "intensity": 1.0,
                        "radius": 10.0,
                        "sigma_radius": 0.1,
                        "diameter": 20.0,
                        "sigma_diameter": 0.1,
                        "background": 0.0
                    },
                    "cylinder": {
                        "intensity": 1.0,
                        "radius": 10.0,
                        "sigma_radius": 0.1,
                        "height": 20.0,
                        "sigma_height": 0.1,
                        "diameter": 20.0,
                        "sigma_diameter": 0.1,
                        "background": 0.0
                    }
                }
            },
            "particle_3": {
                "shape": "Sphere",
                "enabled": true,
                "parameters": {
                    "vertical_cylinder": {
                        "radius": 10.712312379161652,
                        "intensity": 0.8658154697681407,
                        "sigma_radius": 7.4418912880145935,
                        "diameter": 34.53084327916996,
                        "sigma_diameter": 10.066591828216042
                    },
                    "sphere": {
                        "diameter": 4.627742362552122,
                        "sigma_diameter": 17.138145384050464,
                        "radius": 42.205481387603506,
                        "intensity": 0.27213465961055405,
                        "sigma_radius": 12.54018770230937
                    },
                    "cylinder": {
                        "intensity": 0.3474755863637331,
                        "radius": 86.02115561664104,
                        "sigma_radius": 0.8324236273765564,
                        "height": 55.312693676352495,
                        "sigma_height": 0.47831618785858154,
                        "diameter": 82.29400515556335,
                        "sigma_diameter": 0.3884720206260681
                    },
                    "vertical cylinder": {
                        "intensity": 0.27895537592004854,
                        "radius": 11.916475296020508,
                        "sigma_radius": 0.4058243930339813,
                        "diameter": 11.60563850402832,
                        "sigma_diameter": 2.8075737953186035
                    }
                }
            },
            "particle_1": {
                "shape": "Cylinder",
                "enabled": true,
                "parameters": {
                    "sphere": {
                        "intensity": 0.23745486503363905,
                        "radius": 4.077547500348577,
                        "sigma_radius": 0.43546608808346043,
                        "diameter": 5.786059208810721,
                        "sigma_diameter": 0.43335726387691065
                    },
                    "cylinder": {
                        "intensity": 0.2509473726021527,
                        "radius": 3.417607099825845,
                        "sigma_radius": 0.8007304432944882,
                        "height": 16.72856904256106,
                        "sigma_height": 5.830060069906821,
                        "diameter": 6.245441166138821,
                        "sigma_diameter": 0.740823311116537
                    },
                    "vertical_cylinder": {
                        "intensity": 1.0,
                        "radius": 10.0,
                        "sigma_radius": 0.3,
                        "diameter": 20.0,
                        "sigma_diameter": 0.1
                    }
                }
            },
            "particle_4": {
                "shape": "Sphere",
                "enabled": true,
                "parameters": {
                    "sphere": {
                        "intensity": 0.5707042893304722,
                        "radius": 18.799589157104492,
                        "sigma_radius": 5.30005407333374,
                        "diameter": 4.267856121063232,
                        "sigma_diameter": 0.3472563326358795
                    },
                    "cylinder": {
                        "intensity": 1.0,
                        "radius": 10.0,
                        "sigma_radius": 0.1,
                        "height": 20.0,
                        "sigma_height": 0.1,
                        "diameter": 20.0,
                        "sigma_diameter": 0.1
                    },
                    "vertical_cylinder": {
                        "intensity": 1.0,
                        "radius": 10.0,
                        "sigma_radius": 0.3,
                        "diameter": 20.0,
                        "sigma_diameter": 0.1
                    }
                }
            },
            "particle_2": {
                "shape": "Vertical Cylinder",
                "enabled": true,
                "parameters": {
                    "sphere": {
                        "intensity": 0.734948219419986,
                        "radius": 21.449781408739423,
                        "sigma_radius": 5.748804718844298,
                        "diameter": 5.058630344413954,
                        "sigma_diameter": 0.5003893530256599
                    },
                    "cylinder": {
                        "intensity": 1.0,
                        "radius": 10.0,
                        "sigma_radius": 0.1,
                        "height": 20.0,
                        "sigma_height": 0.1,
                        "diameter": 20.0,
                        "sigma_diameter": 0.1
                    },
                    "vertical_cylinder": {
                        "intensity": 0.1111193555097249,
                        "radius": 7.137521529782183,
                        "sigma_radius": 2.640295636796525,
                        "diameter": 22.022693642234294,
                        "sigma_diameter": 0.030809285235809104
                    },
                    "vertical cylinder": {
                        "intensity": 0.32013215821097035,
                        "radius": 11.81954288482666,
                        "sigma_radius": 0.3316614627838135,
                        "diameter": 43.61988830566406,
                        "sigma_diameter": 15.199579238891602
                    }
                }
            }
        }
    },
    "gisaxs_predict": {
        "particles": {}
    },
    "classification": {
        "particles": {}
    },
    "metadata": {
        "version": "1.0",
        "created": "2025-10-06",
        "description": "Model parameters configuration for GISAXS GUI application"
    }
}