{
    "fitting": {
        "global_parameters": {
            "sigma_res": 0.01999378576874733,
            "k_value": 368205.5,
            "int_res": 1.884432343501885e-08,
            "nu_res": 4.9802470207214355,
            "background": 0.134151428937912
        },
        "particles": {
            "particle_7": {
                "shape": "Sphere",
                "enabled": true,
                "parameters": {
                    "sphere": {
                        "intensity": 1.0,
                        "radius": 10.0,
                        "sigma_radius": 0.1,
                        "diameter": 20.0,
                        "sigma_diameter": 0.1,
                        "background": 0.0
                    },
                    "cylinder": {
                        "intensity": 1.0,
                        "radius": 10.0,
                        "sigma_radius": 0.1,
                        "height": 20.0,
                        "sigma_height": 0.1,
                        "diameter": 20.0,
                        "sigma_diameter": 0.1,
                        "background": 0.0
                    }
                }
            },
            "particle_3": {
                "shape": "Vertical Cylinder",
                "enabled": true,
                "parameters": {
                    "vertical_cylinder": {
                        "radius": 23.0,
                        "intensity": 0.34,
                        "sigma_radius": 0.39,
                        "diameter": 16.0,
                        "sigma_diameter": 4.8
                    },
                    "sphere": {
                        "diameter": 6.5,
                        "sigma_diameter": 0.62,
                        "radius": 4.5,
                        "intensity": 0.158,
                        "sigma_radius": 1.0
                    },
                    "cylinder": {
                        "intensity": 0.3474755863637331,
                        "radius": 86.02115561664104,
                        "sigma_radius": 0.8324236273765564,
                        "height": 55.312693676352495,
                        "sigma_height": 0.47831618785858154,
                        "diameter": 82.29400515556335,
                        "sigma_diameter": 0.3884720206260681
                    },
                    "vertical cylinder": {
                        "intensity": 0.28869177300450954,
                        "radius": 12.009413719177246,
                        "sigma_radius": 0.40634191036224365,
                        "diameter": 9.335593223571777,
                        "sigma_diameter": 1.645982265472412
                    }
                }
            },
            "particle_1": {
                "shape": "Sphere",
                "enabled": true,
                "parameters": {
                    "sphere": {
                        "intensity": 0.3734397816519731,
                        "radius": 3.462524652481079,
                        "sigma_radius": 0.30399757623672485,
                        "diameter": 4.612735271453857,
                        "sigma_diameter": 0.4269197881221771
                    },
                    "cylinder": {
                        "intensity": 0.31,
                        "radius": 2.5,
                        "sigma_radius": 0.7693,
                        "height": 17.87,
                        "sigma_height": 1.49,
                        "diameter": 5.75,
                        "sigma_diameter": 1.02
                    },
                    "vertical_cylinder": {
                        "intensity": 1.0,
                        "radius": 10.0,
                        "sigma_radius": 0.3,
                        "diameter": 20.0,
                        "sigma_diameter": 0.1
                    }
                }
            },
            "particle_2": {
                "shape": "Vertical Cylinder",
                "enabled": true,
                "parameters": {
                    "vertical_cylinder": {
                        "intensity": 0.345,
                        "radius": 23.2,
                        "sigma_radius": 0.35,
                        "diameter": 15.93,
                        "sigma_diameter": 4.83
                    },
                    "sphere": {
                        "intensity": 0.832,
                        "radius": 50.0,
                        "sigma_radius": 13.68,
                        "diameter": 0.1,
                        "sigma_diameter": 0.060000000000000005
                    },
                    "vertical cylinder": {
                        "intensity": 0.3378684453435173,
                        "radius": 10.406355857849121,
                        "sigma_radius": 0.3407605290412903,
                        "diameter": 43.936466217041016,
                        "sigma_diameter": 14.513193130493164
                    }
                }
            },
            "particle_4": {
                "shape": "Sphere",
                "enabled": true,
                "parameters": {
                    "sphere": {
                        "intensity": 0.012,
                        "radius": 10.7,
                        "sigma_radius": 1.61,
                        "diameter": 0.0,
                        "sigma_diameter": 0.0
                    },
                    "cylinder": {
                        "intensity": 1.0,
                        "radius": 10.0,
                        "sigma_radius": 0.1,
                        "height": 20.0,
                        "sigma_height": 0.1,
                        "diameter": 20.0,
                        "sigma_diameter": 0.1
                    },
                    "vertical_cylinder": {
                        "intensity": 1.0,
                        "radius": 10.0,
                        "sigma_radius": 0.3,
                        "diameter": 20.0,
                        "sigma_diameter": 0.1
                    }
                }
            }
        }
    },
    "gisaxs_predict": {
        "particles": {}
    },
    "classification": {
        "particles": {}
    },
    "metadata": {
        "version": "1.0",
        "created": "2025-10-06",
        "description": "Model parameters configuration for GISAXS GUI application"
    }
}