{
    "fitting": {
        "global_parameters": {
            "sigma_res": 0.108989,
            "k_value": 283.66218912966934,
            "int_res": 0.027195426742682795,
            "nu_res": 3.1552,
            "background": 0.380257596006569
        },
        "particles": {
            "particle_7": {
                "shape": "Sphere",
                "enabled": true,
                "parameters": {
                    "sphere": {
                        "intensity": 1.0,
                        "radius": 10.0,
                        "sigma_radius": 0.1,
                        "diameter": 20.0,
                        "sigma_diameter": 0.1,
                        "background": 0.0
                    },
                    "cylinder": {
                        "intensity": 1.0,
                        "radius": 10.0,
                        "sigma_radius": 0.1,
                        "height": 20.0,
                        "sigma_height": 0.1,
                        "diameter": 20.0,
                        "sigma_diameter": 0.1,
                        "background": 0.0
                    }
                }
            },
            "particle_1": {
                "shape": "Sphere",
                "enabled": true,
                "parameters": {
                    "sphere": {
                        "intensity": 0.055159934580559546,
                        "radius": 51.882829167149374,
                        "sigma_radius": 0.14880001155675368,
                        "diameter": 30.736021780487096,
                        "sigma_diameter": 0.0723899314567099
                    },
                    "cylinder": {
                        "intensity": 0.3562638653873533,
                        "radius": 3.187520962270096,
                        "sigma_radius": 0.7566134489049009,
                        "height": 26.525005777597368,
                        "sigma_height": 3.4311112751564403,
                        "diameter": 6.175602258518442,
                        "sigma_diameter": 0.696476262497169
                    },
                    "vertical_cylinder": {
                        "intensity": 1.0,
                        "radius": 10.0,
                        "sigma_radius": 0.3,
                        "diameter": 20.0,
                        "sigma_diameter": 0.1
                    }
                }
            },
            "particle_2": {
                "shape": "Sphere",
                "enabled": true,
                "parameters": {
                    "sphere": {
                        "intensity": 0.2765934730278543,
                        "radius": 22.0858879021605,
                        "sigma_radius": 0.0335001695373902,
                        "diameter": 22.11427074275684,
                        "sigma_diameter": 0.03313583468802201
                    },
                    "cylinder": {
                        "intensity": 1.0,
                        "radius": 10.0,
                        "sigma_radius": 0.1,
                        "height": 20.0,
                        "sigma_height": 0.1,
                        "diameter": 20.0,
                        "sigma_diameter": 0.1
                    },
                    "vertical_cylinder": {
                        "intensity": 1.0,
                        "radius": 10.0,
                        "sigma_radius": 0.3,
                        "diameter": 20.0,
                        "sigma_diameter": 0.1
                    }
                }
            },
            "particle_3": {
                "shape": "Sphere",
                "enabled": true,
                "parameters": {
                    "sphere": {
                        "intensity": 0.017346,
                        "radius": 400.862,
                        "sigma_radius": 34.3262,
                        "diameter": 59.381,
                        "sigma_diameter": 1e-10
                    },
                    "cylinder": {
                        "intensity": 1.0,
                        "radius": 10.0,
                        "sigma_radius": 0.1,
                        "height": 20.0,
                        "sigma_height": 0.1,
                        "diameter": 20.0,
                        "sigma_diameter": 0.1
                    },
                    "vertical_cylinder": {
                        "intensity": 1.0,
                        "radius": 10.0,
                        "sigma_radius": 0.3,
                        "diameter": 20.0,
                        "sigma_diameter": 0.1
                    }
                }
            }
        }
    },
    "gisaxs_predict": {
        "particles": {}
    },
    "classification": {
        "particles": {}
    },
    "metadata": {
        "version": "1.0",
        "created": "2025-10-06",
        "description": "Model parameters configuration for GISAXS GUI application"
    }
}